<?xml version="1.0" encoding="UTF-8"?>
<!DOCTYPE suite SYSTEM "http://testng.org/testng-1.0.dtd">
<suite name="Glady AutF_AllureParallel" thread-count="1" parallel="methods"
	data-provider-thread-count="1">
	<listeners>
		<listener class-name="listeners.AllureListener"></listener>
		<listener class-name="com.automation.remarks.testng.VideoListener"></listener>
	</listeners>

	<test name="TestGoogle">
		<classes>
			<class name="tests.Test1" />
		</classes>
	</test> <!-- Test -->

</suite> <!-- Suite -->
