{
    "capabilities":
    [
        {
            "browserName": "firefox",
            "acceptSslCerts": true,
            "javascriptEnabled": true,
            "takesScreenshot": true,
            "firefox_profile": "",
            "browser-version": "28",  
            "platform": "MAC",                     
          	"maxInstances": 1
        },
        {
            "browserName": "chrome",
			"browser-version": "34",
			"takesScreenshot": true,
            "maxInstances": 1,
            "platform": "MAC"
        }
    ],
    "configuration":
    {
        "_comment" : "This is configuration for the grid node on MAC OS X",
        "cleanUpCycle": 2000,
        "port": 5556,
        "proxy": "org.openqa.grid.selenium.proxy.DefaultRemoteProxy",
        "host": "127.0.0.1",
        "register": true,
        "hubPort": 4444,
        "maxSessions": 3
    }
}