<?xml version="1.0" encoding="UTF-8"?>
<!DOCTYPE suite SYSTEM "http://testng.org/testng-1.0.dtd">
<suite name="All Test Suite">
    <listeners>
        <listener class-name="util.TestListener"></listener>
    </listeners>
    <test verbose="2" preserve-order="true" name="/home/qa/Downloads/HIS_Automation/src/main/java/base/TestBase.java">
        <classes>
            <class name="base.TestBase">
                <methods>
                    <include name="init"/>
                </methods>
            </class>
        </classes>
    </test>
</suite>